id,title,description,availability,condition,price,link,image_link,brand,inventory,fb_product_category,google_product_category,model,year,transmission,body_style,drivetrain,vin,exterior_color,state_of_vehicle,fuel_type,exterior_color,custom_label_1,custom_label_2,custom_label_3,custom_label_4
62005,SCALA STYLE  Manualna  1.5 TSI 150 KM,Oferta leasingu online,in stock,NEW,103350 PLN,https://sklep.skoda-auto.pl/skoda-scala-1-5-tsi-110-kw-150-km-6-biegowa-manualna-blekit-race-metalizowany-tmbek6nw5m3126116.html,https://sklep.skoda-auto.pl/media/catalog/product/cache/779e34063ea37c481ddb6652b1f2b61e/2/f/2f05446f5b621505ca27c8a2dbc17304-TMBEK6NW5M3126116-EF.png,ŠKODA,1,inne,Pojazdy i części,SCALA,2021,MANUAL,HATCHBACK,FWD,TMBEK6NW5M3126116,Błękit Race Metalizowany,NEW,GASOLINE,Błękit Race Metalizowany,1015.13 PLN,1.5 TSI 150 KM,"{addr1: 'Połczyńska 125', city: 'Warszawa', region: 'Silesian Voivodeship', postal_code: '01-303', country: 'Poland'}","### Wyposażenie dodatkowe ###     --- Bezpieczeństwo ---  - SIDE ASSIST - funkcja monitorowania martwego pola z REAR TRAFFIC ALERT,  --- Ochrona pojazdu ---  - KESSY FULL z funkcją SAFE (dla alarmu),  - Alarm z funkcją monitorowania wnętrza, c zujnikiem przechyłu,        Przedstawione informacje należy traktować wyłącznie orientacyjnie i nie stanowią one oferty w rozumieniu Kodeksu cywilnego oraz nie są wiążące. Prezentowane informacje nie stanowią zapewnienia w rozumieniu art. 556(1)§2 Kodeksu cywilnego. Zużycie paliwa, emisja CO2 i zużycie energii elektrycznej zostało określone zgodnie z procedurą WLTP. O szczegóły zapytaj Autoryzowanego Dealera marki Skoda lub sprawdź na stronie https://www.skoda-auto.pl/swiat-skody/wltp"
61159,SCALA STYLE  Manualna  1.5 TSI 150 KM,Oferta leasingu online,in stock,NEW,105250 PLN,https://sklep.skoda-auto.pl/skoda-scala-1-5-tsi-110-kw-150-km-6-biegowa-manualna-szary-quartz-metalizowany-tmbek6nw6m3108515.html,https://sklep.skoda-auto.pl/media/catalog/product/cache/779e34063ea37c481ddb6652b1f2b61e/1/0/10915d33487fb5b5291d0bd7c584ac30-TMBEK6NW6M3108515-EF.png,ŠKODA,1,inne,Pojazdy i części,SCALA,2021,MANUAL,HATCHBACK,FWD,TMBEK6NW6M3108515,Szary Quartz Metalizowany,NEW,GASOLINE,Szary Quartz Metalizowany,1033.79 PLN,1.5 TSI 150 KM,"{addr1: 'Połczyńska 125', city: 'Warszawa', region: 'Silesian Voivodeship', postal_code: '01-303', country: 'Poland'}","### Wyposażenie dodatkowe ###     --- SKODA Connect ---  - Care Connect - 1 rok, usługa Infotainmen t Online na 1 rok,  --- Koła ---  - Obręcze kół ze stopów lekkich STRATOS 6, 5J x 17"",        Przedstawione informacje należy traktować wyłącznie orientacyjnie i nie stanowią one oferty w rozumieniu Kodeksu cywilnego oraz nie są wiążące. Prezentowane informacje nie stanowią zapewnienia w rozumieniu art. 556(1)§2 Kodeksu cywilnego. Zużycie paliwa, emisja CO2 i zużycie energii elektrycznej zostało określone zgodnie z procedurą WLTP. O szczegóły zapytaj Autoryzowanego Dealera marki Skoda lub sprawdź na stronie https://www.skoda-auto.pl/swiat-skody/wltp"
63180,FABIA COMBI CLASSIC AMBITION  Manualna  1.0 TSI 95 KM,Oferta leasingu online,in stock,NEW,67250 PLN,https://sklep.skoda-auto.pl/skoda-fabia-combi-classic-1-0-tsi-70-kw-95-km-5-biegowa-manualna-biel-candy-niemetalizowany-tmbjp6nj0nz008073.html,https://sklep.skoda-auto.pl/media/catalog/product/cache/779e34063ea37c481ddb6652b1f2b61e/3/d/3d81361ff9482fef5e9ca7111bef83a7-TMBJP6NJ0NZ008073-EF.png,ŠKODA,1,inne,Pojazdy i części,FABIA COMBI CLASSIC,2021,MANUAL,WAGON,FWD,TMBJP6NJ0NZ008073,Biel Candy Niemetalizowany,NEW,GASOLINE,Biel Candy Niemetalizowany,703.62 PLN,1.0 TSI 95 KM,"{addr1: 'Opolska 2c', city: 'Opole', region: 'Silesian Voivodeship', postal_code: '45-960', country: 'Poland'}","### Wyposażenie dodatkowe ###     --- Pakiety promocyjne ---  - Pakiet COMFORT: W skład pakietu promocyjnego wchodzą: Czujniki parkowania z tyłu, Dwuramienna skórzana kierownica wielofunkcyjna (radio + telefon), Tempomat, Radio SWING PLUS (SmartLink, ŠKODA Surround, 2 dodatkowe głośniki z tyłu), Obręcze kół ze stopów lekkich CYGNUS 6J x 15"" z oponami 185/60 R15,        Przedstawione informacje należy traktować wyłącznie orientacyjnie i nie stanowią one oferty w rozumieniu Kodeksu cywilnego oraz nie są wiążące. Prezentowane informacje nie stanowią zapewnienia w rozumieniu art. 556(1)§2 Kodeksu cywilnego. Zużycie paliwa, emisja CO2 i zużycie energii elektrycznej zostało określone zgodnie z procedurą WLTP. O szczegóły zapytaj Autoryzowanego Dealera marki Skoda lub sprawdź na stronie https://www.skoda-auto.pl/swiat-skody/wltp"
63572,FABIA COMBI CLASSIC AMBITION  Manualna  1.0 TSI 95 KM,Oferta leasingu online,in stock,NEW,68450 PLN,https://sklep.skoda-auto.pl/skoda-fabia-combi-classic-1-0-tsi-70-kw-95-km-5-biegowa-manualna-srebrny-brillant-metalizowany-tmbjp6nj3nz007810.html,https://sklep.skoda-auto.pl/media/catalog/product/cache/779e34063ea37c481ddb6652b1f2b61e/2/8/288f422a6d40d94720e503c2527dc242-TMBJP6NJ3NZ007810-EF.png,ŠKODA,1,inne,Pojazdy i części,FABIA COMBI CLASSIC,2021,MANUAL,WAGON,FWD,TMBJP6NJ3NZ007810,Srebrny Brillant Metalizowany,NEW,GASOLINE,Srebrny Brillant Metalizowany,716.17 PLN,1.0 TSI 95 KM,"{addr1: 'Krakowska 5/A', city: 'Falenty', region: 'Silesian Voivodeship', postal_code: '05-090', country: 'Poland'}","### Wyposażenie dodatkowe ###     --- SKODA Connect ---  - Usługa Care Connect na 3 lata,  --- Bezpieczeństwo ---  - Hamulce tarczowe z tyłu,  - Połączenie alarmowe,        Przedstawione informacje należy traktować wyłącznie orientacyjnie i nie stanowią one oferty w rozumieniu Kodeksu cywilnego oraz nie są wiążące. Prezentowane informacje nie stanowią zapewnienia w rozumieniu art. 556(1)§2 Kodeksu cywilnego. Zużycie paliwa, emisja CO2 i zużycie energii elektrycznej zostało określone zgodnie z procedurą WLTP. O szczegóły zapytaj Autoryzowanego Dealera marki Skoda lub sprawdź na stronie https://www.skoda-auto.pl/swiat-skody/wltp"
63573,FABIA COMBI CLASSIC AMBITION  Manualna  1.0 TSI 95 KM,Oferta leasingu online,in stock,NEW,68450 PLN,https://sklep.skoda-auto.pl/skoda-fabia-combi-classic-1-0-tsi-70-kw-95-km-5-biegowa-manualna-srebrny-brillant-metalizowany-tmbjp6nj4nz007797.html,https://sklep.skoda-auto.pl/media/catalog/product/cache/779e34063ea37c481ddb6652b1f2b61e/2/8/288f422a6d40d94720e503c2527dc242-TMBJP6NJ4NZ007797-EF.png,ŠKODA,1,inne,Pojazdy i części,FABIA COMBI CLASSIC,2021,MANUAL,WAGON,FWD,TMBJP6NJ4NZ007797,Srebrny Brillant Metalizowany,NEW,GASOLINE,Srebrny Brillant Metalizowany,716.17 PLN,1.0 TSI 95 KM,"{addr1: 'Krakowska 5/A', city: 'Falenty', region: 'Silesian Voivodeship', postal_code: '05-090', country: 'Poland'}","### Wyposażenie dodatkowe ###     --- SKODA Connect ---  - Usługa Care Connect na 3 lata,  --- Bezpieczeństwo ---  - Hamulce tarczowe z tyłu,  - Połączenie alarmowe,        Przedstawione informacje należy traktować wyłącznie orientacyjnie i nie stanowią one oferty w rozumieniu Kodeksu cywilnego oraz nie są wiążące. Prezentowane informacje nie stanowią zapewnienia w rozumieniu art. 556(1)§2 Kodeksu cywilnego. Zużycie paliwa, emisja CO2 i zużycie energii elektrycznej zostało określone zgodnie z procedurą WLTP. O szczegóły zapytaj Autoryzowanego Dealera marki Skoda lub sprawdź na stronie https://www.skoda-auto.pl/swiat-skody/wltp"
63725,FABIA COMBI CLASSIC AMBITION  Manualna  1.0 TSI 95 KM,Oferta leasingu online,in stock,NEW,68500 PLN,https://sklep.skoda-auto.pl/skoda-fabia-combi-classic-1-0-tsi-70-kw-95-km-5-biegowa-manualna-blekit-race-metalizowany-tmbjp6nj0nz010731.html,https://sklep.skoda-auto.pl/media/catalog/product/cache/779e34063ea37c481ddb6652b1f2b61e/d/0/d0843f933f4285d1ec437d6bd4931be9-TMBJP6NJ0NZ010731-EF.png,ŠKODA,1,inne,Pojazdy i części,FABIA COMBI CLASSIC,2021,MANUAL,WAGON,FWD,TMBJP6NJ0NZ010731,Błękit Race Metalizowany,NEW,GASOLINE,Błękit Race Metalizowany,716.70 PLN,1.0 TSI 95 KM,"{addr1: 'Makuszyńskiego 74/76', city: 'Częstochowa', region: 'Silesian Voivodeship', postal_code: '42-209', country: 'Poland'}","### Wyposażenie dodatkowe ###     --- Pakiety promocyjne ---  - Pakiet COMFORT: W skład pakietu promocyjnego wchodzą: Czujniki parkowania z tyłu, Dwuramienna skórzana kierownica wielofunkcyjna (radio + telefon), Tempomat, Radio SWING PLUS (SmartLink, ŠKODA Surround, 2 dodatkowe głośniki z tyłu), Obręcze kół ze stopów lekkich CYGNUS 6J x 15"" z oponami 185/60 R15,  --- Koła zapasowe/opony ---  - Zapasowe koło stalowe pełnowymiarowe,        Przedstawione informacje należy traktować wyłącznie orientacyjnie i nie stanowią one oferty w rozumieniu Kodeksu cywilnego oraz nie są wiążące. Prezentowane informacje nie stanowią zapewnienia w rozumieniu art. 556(1)§2 Kodeksu cywilnego. Zużycie paliwa, emisja CO2 i zużycie energii elektrycznej zostało określone zgodnie z procedurą WLTP. O szczegóły zapytaj Autoryzowanego Dealera marki Skoda lub sprawdź na stronie https://www.skoda-auto.pl/swiat-skody/wltp"
63208,FABIA COMBI CLASSIC AMBITION  Manualna  1.0 TSI 95 KM,Oferta leasingu online,in stock,NEW,68500 PLN,https://sklep.skoda-auto.pl/skoda-fabia-combi-classic-1-0-tsi-70-kw-95-km-5-biegowa-manualna-szary-quarz-metalizowany-tmbjp6nj0nz008011.html,https://sklep.skoda-auto.pl/media/catalog/product/cache/779e34063ea37c481ddb6652b1f2b61e/0/4/044a856e69aa68db6e6612f98f731b43-TMBJP6NJ0NZ008011-EF.png,ŠKODA,1,inne,Pojazdy i części,FABIA COMBI CLASSIC,2021,MANUAL,WAGON,FWD,TMBJP6NJ0NZ008011,Szary Quarz Metalizowany,NEW,GASOLINE,Szary Quarz Metalizowany,716.70 PLN,1.0 TSI 95 KM,"{addr1: 'Obornicka 249', city: 'Poznań', region: 'Silesian Voivodeship', postal_code: '60-693', country: 'Poland'}","### Wyposażenie dodatkowe ###     --- Pakiety promocyjne ---  - Pakiet COMFORT: W skład pakietu promocyjnego wchodzą: Czujniki parkowania z tyłu, Dwuramienna skórzana kierownica wielofunkcyjna (radio + telefon), Tempomat, Radio SWING PLUS (SmartLink, ŠKODA Surround, 2 dodatkowe głośniki z tyłu), Obręcze kół ze stopów lekkich CYGNUS 6J x 15"" z oponami 185/60 R15,  --- Koła zapasowe/opony ---  - Zapasowe koło stalowe pełnowymiarowe,        Przedstawione informacje należy traktować wyłącznie orientacyjnie i nie stanowią one oferty w rozumieniu Kodeksu cywilnego oraz nie są wiążące. Prezentowane informacje nie stanowią zapewnienia w rozumieniu art. 556(1)§2 Kodeksu cywilnego. Zużycie paliwa, emisja CO2 i zużycie energii elektrycznej zostało określone zgodnie z procedurą WLTP. O szczegóły zapytaj Autoryzowanego Dealera marki Skoda lub sprawdź na stronie https://www.skoda-auto.pl/swiat-skody/wltp"
63207,FABIA COMBI CLASSIC AMBITION  Manualna  1.0 TSI 95 KM,Oferta leasingu online,in stock,NEW,68500 PLN,https://sklep.skoda-auto.pl/skoda-fabia-combi-classic-1-0-tsi-70-kw-95-km-5-biegowa-manualna-szary-quarz-metalizowany-tmbjp6njxnz008047.html,https://sklep.skoda-auto.pl/media/catalog/product/cache/779e34063ea37c481ddb6652b1f2b61e/0/4/044a856e69aa68db6e6612f98f731b43-TMBJP6NJXNZ008047-EF.png,ŠKODA,1,inne,Pojazdy i części,FABIA COMBI CLASSIC,2021,MANUAL,WAGON,FWD,TMBJP6NJXNZ008047,Szary Quarz Metalizowany,NEW,GASOLINE,Szary Quarz Metalizowany,716.70 PLN,1.0 TSI 95 KM,"{addr1: 'Obornicka 249', city: 'Poznań', region: 'Silesian Voivodeship', postal_code: '60-693', country: 'Poland'}","### Wyposażenie dodatkowe ###     --- Pakiety promocyjne ---  - Pakiet COMFORT: W skład pakietu promocyjnego wchodzą: Czujniki parkowania z tyłu, Dwuramienna skórzana kierownica wielofunkcyjna (radio + telefon), Tempomat, Radio SWING PLUS (SmartLink, ŠKODA Surround, 2 dodatkowe głośniki z tyłu), Obręcze kół ze stopów lekkich CYGNUS 6J x 15"" z oponami 185/60 R15,  --- Koła zapasowe/opony ---  - Zapasowe koło stalowe pełnowymiarowe,        Przedstawione informacje należy traktować wyłącznie orientacyjnie i nie stanowią one oferty w rozumieniu Kodeksu cywilnego oraz nie są wiążące. Prezentowane informacje nie stanowią zapewnienia w rozumieniu art. 556(1)§2 Kodeksu cywilnego. Zużycie paliwa, emisja CO2 i zużycie energii elektrycznej zostało określone zgodnie z procedurą WLTP. O szczegóły zapytaj Autoryzowanego Dealera marki Skoda lub sprawdź na stronie https://www.skoda-auto.pl/swiat-skody/wltp"
63164,FABIA COMBI CLASSIC AMBITION  Manualna  1.0 TSI 95 KM,Oferta leasingu online,in stock,NEW,68500 PLN,https://sklep.skoda-auto.pl/skoda-fabia-combi-classic-1-0-tsi-70-kw-95-km-5-biegowa-manualna-szary-quarz-metalizowany-tmbjp6nj5nz007517.html,https://sklep.skoda-auto.pl/media/catalog/product/cache/779e34063ea37c481ddb6652b1f2b61e/0/4/044a856e69aa68db6e6612f98f731b43-TMBJP6NJ5NZ007517-EF.png,ŠKODA,1,inne,Pojazdy i części,FABIA COMBI CLASSIC,2021,MANUAL,WAGON,FWD,TMBJP6NJ5NZ007517,Szary Quarz Metalizowany,NEW,GASOLINE,Szary Quarz Metalizowany,716.70 PLN,1.0 TSI 95 KM,"{addr1: 'Obornicka 249', city: 'Poznań', region: 'Silesian Voivodeship', postal_code: '60-693', country: 'Poland'}","### Wyposażenie dodatkowe ###     --- Pakiety promocyjne ---  - Pakiet COMFORT: W skład pakietu promocyjnego wchodzą: Czujniki parkowania z tyłu, Dwuramienna skórzana kierownica wielofunkcyjna (radio + telefon), Tempomat, Radio SWING PLUS (SmartLink, ŠKODA Surround, 2 dodatkowe głośniki z tyłu), Obręcze kół ze stopów lekkich CYGNUS 6J x 15"" z oponami 185/60 R15,  --- Koła zapasowe/opony ---  - Zapasowe koło stalowe pełnowymiarowe,        Przedstawione informacje należy traktować wyłącznie orientacyjnie i nie stanowią one oferty w rozumieniu Kodeksu cywilnego oraz nie są wiążące. Prezentowane informacje nie stanowią zapewnienia w rozumieniu art. 556(1)§2 Kodeksu cywilnego. Zużycie paliwa, emisja CO2 i zużycie energii elektrycznej zostało określone zgodnie z procedurą WLTP. O szczegóły zapytaj Autoryzowanego Dealera marki Skoda lub sprawdź na stronie https://www.skoda-auto.pl/swiat-skody/wltp"
63322,FABIA COMBI CLASSIC AMBITION  Manualna  1.0 MPI 60 KM,Oferta leasingu online,in stock,NEW,63850 PLN,https://sklep.skoda-auto.pl/skoda-fabia-combi-classic-1-0-mpi-44-kw-60-km-5-biegowa-manualna-srebrny-brillant-metalizowany-tmbja6nj1nz009251.html,https://sklep.skoda-auto.pl/media/catalog/product/cache/779e34063ea37c481ddb6652b1f2b61e/7/d/7dbe8cada16b8532383e7353f0e0e6c3-TMBJA6NJ1NZ009251-EF.png,ŠKODA,1,inne,Pojazdy i części,FABIA COMBI CLASSIC,2021,MANUAL,WAGON,FWD,TMBJA6NJ1NZ009251,Srebrny Brillant Metalizowany,NEW,GASOLINE,Srebrny Brillant Metalizowany,717.18 PLN,1.0 MPI 60 KM,"{addr1: 'Hutnicza 2 A', city: 'Lubin', region: 'Silesian Voivodeship', postal_code: '59-300', country: 'Poland'}","### Wyposażenie dodatkowe ###     --- Pakiety promocyjne ---  - Pakiet COMFORT: W skład pakietu promocyjnego wchodzą: Czujniki parkowania z tyłu, Dwuramienna skórzana kierownica wielofunkcyjna (radio + telefon), Tempomat, Radio SWING PLUS (SmartLink, ŠKODA Surround, 2 dodatkowe głośniki z tyłu), Obręcze kół ze stopów lekkich CYGNUS 6J x 15"" z oponami 185/60 R15,  --- Koła zapasowe/opony ---  - Zapasowe koło stalowe pełnowymiarowe,        Przedstawione informacje należy traktować wyłącznie orientacyjnie i nie stanowią one oferty w rozumieniu Kodeksu cywilnego oraz nie są wiążące. Prezentowane informacje nie stanowią zapewnienia w rozumieniu art. 556(1)§2 Kodeksu cywilnego. Zużycie paliwa, emisja CO2 i zużycie energii elektrycznej zostało określone zgodnie z procedurą WLTP. O szczegóły zapytaj Autoryzowanego Dealera marki Skoda lub sprawdź na stronie https://www.skoda-auto.pl/swiat-skody/wltp"
63554,FABIA COMBI CLASSIC AMBITION  Manualna  1.0 TSI 95 KM,Oferta leasingu online,in stock,NEW,68900 PLN,https://sklep.skoda-auto.pl/skoda-fabia-combi-classic-1-0-tsi-70-kw-95-km-5-biegowa-manualna-biel-moon-metalizowany-tmbjp6nj5nz007579.html,https://sklep.skoda-auto.pl/media/catalog/product/cache/779e34063ea37c481ddb6652b1f2b61e/e/8/e8174d263dce35abca80375e044780f6-TMBJP6NJ5NZ007579-EF.png,ŠKODA,1,inne,Pojazdy i części,FABIA COMBI CLASSIC,2021,MANUAL,WAGON,FWD,TMBJP6NJ5NZ007579,Biel Moon Metalizowany,NEW,GASOLINE,Biel Moon Metalizowany,720.88 PLN,1.0 TSI 95 KM,"{addr1: 'Opolska 2c', city: 'Opole', region: 'Silesian Voivodeship', postal_code: '45-960', country: 'Poland'}","### Wyposażenie dodatkowe ###     --- Bezpieczeństwo ---  - Hamulce tarczowe z tyłu,  --- Pakiety promocyjne ---  - Pakiet COMFORT: W skład pakietu promocyjnego wchodzą: Czujniki parkowania z tyłu, Dwuramienna skórzana kierownica wielofunkcyjna (radio + telefon), Tempomat, Radio SWING PLUS (SmartLink, ŠKODA Surround, 2 dodatkowe głośniki z tyłu), Obręcze kół ze stopów lekkich CYGNUS 6J x 15"" z oponami 185/60 R15,        Przedstawione informacje należy traktować wyłącznie orientacyjnie i nie stanowią one oferty w rozumieniu Kodeksu cywilnego oraz nie są wiążące. Prezentowane informacje nie stanowią zapewnienia w rozumieniu art. 556(1)§2 Kodeksu cywilnego. Zużycie paliwa, emisja CO2 i zużycie energii elektrycznej zostało określone zgodnie z procedurą WLTP. O szczegóły zapytaj Autoryzowanego Dealera marki Skoda lub sprawdź na stronie https://www.skoda-auto.pl/swiat-skody/wltp"
63362,FABIA COMBI CLASSIC AMBITION  Manualna  1.0 MPI 60 KM,Oferta leasingu online,in stock,NEW,64950 PLN,https://sklep.skoda-auto.pl/skoda-fabia-combi-classic-1-0-mpi-44-kw-60-km-5-biegowa-manualna-blekit-race-metalizowany-tmbja6nj9nz009126.html,https://sklep.skoda-auto.pl/media/catalog/product/cache/779e34063ea37c481ddb6652b1f2b61e/7/1/71267867527ba512eb180d8a31905d8b-TMBJA6NJ9NZ009126-EF.png,ŠKODA,1,inne,Pojazdy i części,FABIA COMBI CLASSIC,2021,MANUAL,WAGON,FWD,TMBJA6NJ9NZ009126,Błękit Race Metalizowany,NEW,GASOLINE,Błękit Race Metalizowany,729.53 PLN,1.0 MPI 60 KM,"{addr1: 'Makuszyńskiego 74/76', city: 'Częstochowa', region: 'Silesian Voivodeship', postal_code: '42-209', country: 'Poland'}","### Wyposażenie dodatkowe ###     --- Pakiety promocyjne ---  - Pakiet COMFORT: W skład pakietu promocyjnego wchodzą: Czujniki parkowania z tyłu, Dwuramienna skórzana kierownica wielofunkcyjna (radio + telefon), Tempomat, Radio SWING PLUS (SmartLink, ŠKODA Surround, 2 dodatkowe głośniki z tyłu), Obręcze kół ze stopów lekkich CYGNUS 6J x 15"" z oponami 185/60 R15,  --- Komfort ---  - Pakiet zimowy,        Przedstawione informacje należy traktować wyłącznie orientacyjnie i nie stanowią one oferty w rozumieniu Kodeksu cywilnego oraz nie są wiążące. Prezentowane informacje nie stanowią zapewnienia w rozumieniu art. 556(1)§2 Kodeksu cywilnego. Zużycie paliwa, emisja CO2 i zużycie energii elektrycznej zostało określone zgodnie z procedurą WLTP. O szczegóły zapytaj Autoryzowanego Dealera marki Skoda lub sprawdź na stronie https://www.skoda-auto.pl/swiat-skody/wltp"
63425,FABIA COMBI CLASSIC AMBITION  Manualna  1.0 TSI 95 KM,Oferta leasingu online,in stock,NEW,69850 PLN,https://sklep.skoda-auto.pl/skoda-fabia-combi-classic-1-0-tsi-70-kw-95-km-5-biegowa-manualna-srebrny-brillant-metalizowany-tmbjp6nj2nz009614.html,https://sklep.skoda-auto.pl/media/catalog/product/cache/779e34063ea37c481ddb6652b1f2b61e/1/b/1bb210e913b1876fbd9fc20864584f4b-TMBJP6NJ2NZ009614-EF.png,ŠKODA,1,inne,Pojazdy i części,FABIA COMBI CLASSIC,2021,MANUAL,WAGON,FWD,TMBJP6NJ2NZ009614,Srebrny Brillant Metalizowany,NEW,GASOLINE,Srebrny Brillant Metalizowany,730.82 PLN,1.0 TSI 95 KM,"{addr1: 'Opolska 2c', city: 'Opole', region: 'Silesian Voivodeship', postal_code: '45-960', country: 'Poland'}","### Wyposażenie dodatkowe ###     --- Pakiety promocyjne ---  - Pakiet Comfort Plus: W skład pakietu promocyjnego wchodzą: Czujniki parkowania z tyłu, Kamera cofania, Dwuramienna skórzana kierownica wielofunkcyjna (radio + telefon), Tempomat, Radio SWING PLUS (SmartLink, ŠKODA Surround, 2 dodatkowe głośniki z tyłu), Obręcze kół ze stopów lekkich CYGNUS 6J x 15"" z oponami 185/60 R15,  --- Koła zapasowe/opony ---  - Zapasowe koło stalowe pełnowymiarowe,        Przedstawione informacje należy traktować wyłącznie orientacyjnie i nie stanowią one oferty w rozumieniu Kodeksu cywilnego oraz nie są wiążące. Prezentowane informacje nie stanowią zapewnienia w rozumieniu art. 556(1)§2 Kodeksu cywilnego. Zużycie paliwa, emisja CO2 i zużycie energii elektrycznej zostało określone zgodnie z procedurą WLTP. O szczegóły zapytaj Autoryzowanego Dealera marki Skoda lub sprawdź na stronie https://www.skoda-auto.pl/swiat-skody/wltp"
